Workbook

Sheet Page Counts
A1: Renna Media — Pages per Edition
A2: Source: rennamedia.com publication archives. Pulled 2026-04-28. 1371 editions across 30 papers.
A4: Month | B4: Berkeley Heights Community News | C4: Clark Monthly | D4: The Chathams | E4: Cranford Monthly | F4: East Hanover View | G4: Elmora Hills | H4: Fanwood Post | I4: Florham Park Press | J4: Garwood Times | K4: Green Brook Gazette | L4: Hanover Township Press | M4: Kenilworth Business Life | N4: Life in Linden | O4: Livingston Monthly | P4: Long Hill Leader | Q4: Madison Monthly | R4: Millburn Short Hills Monthly | S4: Mountainside View | T4: Morristown Monthly | U4: Morris Township Times | V4: New Providence News | W4: Our Town Rahway | X4: Peterstown NJ | Y4: Life in Roseland | Z4: Roselle Park Monthly | AA4: Scotch Plains Monthly | AB4: Spirit of Union | AC4: Summit Times | AD4: Pride of North Plainfield | AE4: Warren Monthly | AF4: Watchung Post | AG4: Westfield Monthly | AH4: Total
A5: Jan 2022 | B5: 16 | C5: 20 | D5: 16 | E5: 20 | H5: 12 | J5: 8 | K5: 8 | M5: 12 | N5: 16 | P5: 12 | Q5: 8 | S5: 8 | V5: 16 | W5: 16 | Z5: 12 | AA5: 16 | AB5: 12 | AC5: 20 | AE5: 12 | AF5: 12 | AG5: 20 | AH5: =SUM(B5:AG5) -> 292
A6: Feb 2022 | B6: 16 | C6: 16 | D6: 16 | E6: 16 | H6: 12 | J6: 8 | K6: 8 | M6: 12 | N6: 16 | P6: 12 | Q6: 12 | S6: 12 | V6: 20 | W6: 16 | Z6: 12 | AA6: 16 | AB6: 12 | AC6: 20 | AE6: 12 | AF6: 12 | AG6: 20 | AH6: =SUM(B6:AG6) -> 296
A7: Mar 2022 | B7: 24 | C7: 24 | D7: 20 | E7: 24 | G7: 12 | H7: 12 | I7: 12 | J7: 12 | K7: 12 | M7: 16 | N7: 20 | P7: 12 | Q7: 12 | R7: 16 | S7: 16 | V7: 20 | W7: 24 | Z7: 16 | AA7: 20 | AB7: 16 | AC7: 24 | AE7: 16 | AF7: 12 | AG7: 24 | AH7: =SUM(B7:AG7) -> 416
A8: Apr 2022 | B8: 24 | C8: 24 | D8: 24 | E8: 28 | G8: 16 | H8: 20 | I8: 16 | J8: 20 | K8: 16 | M8: 20 | N8: 24 | P8: 16 | Q8: 16 | R8: 20 | S8: 20 | V8: 20 | W8: 24 | Z8: 20 | AA8: 28 | AB8: 20 | AC8: 28 | AE8: 20 | AF8: 16 | AG8: 32 | AH8: =SUM(B8:AG8) -> 512
A9: May 2022 | B9: 24 | C9: 28 | D9: 24 | E9: 32 | G9: 16 | H9: 20 | I9: 12 | J9: 12 | K9: 16 | M9: 20 | N9: 24 | P9: 16 | Q9: 12 | R9: 20 | S9: 20 | V9: 24 | W9: 24 | Z9: 16 | AA9: 28 | AB9: 16 | AC9: 28 | AE9: 20 | AF9: 16 | AG9: 36 | AH9: =SUM(B9:AG9) -> 504
A10: Jun 2022 | B10: 28 | C10: 24 | D10: 24 | E10: 28 | G10: 12 | H10: 16 | I10: 16 | J10: 12 | K10: 16 | M10: 16 | N10: 20 | P10: 16 | Q10: 16 | R10: 24 | S10: 20 | V10: 24 | W10: 24 | Z10: 16 | AA10: 24 | AB10: 16 | AC10: 28 | AE10: 20 | AF10: 16 | AG10: 32 | AH10: =SUM(B10:AG10) -> 488
A11: Jul 2022 | B11: 20 | C11: 20 | D11: 16 | E11: 24 | G11: 12 | H11: 16 | I11: 12 | J11: 12 | K11: 12 | M11: 12 | N11: 20 | P11: 12 | Q11: 12 | R11: 16 | S11: 16 | V11: 16 | W11: 20 | Z11: 12 | AA11: 20 | AB11: 16 | AC11: 20 | AE11: 16 | AF11: 12 | AG11: 24 | AH11: =SUM(B11:AG11) -> 388
A12: Aug 2022 | B12: 20 | C12: 16 | D12: 16 | E12: 24 | G12: 12 | H12: 12 | I12: 12 | J12: 12 | K12: 12 | M12: 12 | N12: 20 | P12: 12 | Q12: 12 | R12: 20 | S12: 16 | V12: 16 | W12: 20 | Z12: 12 | AA12: 20 | AB12: 12 | AC12: 20 | AE12: 16 | AF12: 12 | AG12: 24 | AH12: =SUM(B12:AG12) -> 380
A13: Sep 2022 | B13: 24 | C13: 28 | D13: 20 | E13: 28 | G13: 12 | H13: 16 | I13: 12 | J13: 12 | K13: 16 | M13: 16 | N13: 24 | P13: 12 | Q13: 16 | R13: 20 | S13: 16 | V13: 24 | W13: 24 | Z13: 16 | AA13: 24 | AB13: 16 | AC13: 24 | AE13: 16 | AF13: 16 | AG13: 36 | AH13: =SUM(B13:AG13) -> 468
A14: Oct 2022 | B14: 20 | C14: 24 | D14: 20 | E14: 28 | G14: 16 | H14: 16 | I14: 12 | J14: 16 | K14: 16 | M14: 16 | N14: 24 | P14: 16 | Q14: 16 | R14: 20 | S14: 20 | V14: 20 | W14: 24 | Z14: 16 | AA14: 24 | AB14: 20 | AC14: 24 | AE14: 20 | AF14: 20 | AG14: 28 | AH14: =SUM(B14:AG14) -> 476
A15: Nov 2022 | B15: 16 | C15: 24 | D15: 16 | E15: 24 | G15: 12 | H15: 12 | I15: 12 | J15: 12 | K15: 12 | M15: 16 | N15: 20 | P15: 12 | Q15: 12 | R15: 16 | S15: 16 | V15: 16 | W15: 24 | Z15: 16 | AA15: 20 | AB15: 16 | AC15: 20 | AE15: 16 | AF15: 16 | AG15: 24 | AH15: =SUM(B15:AG15) -> 400
A16: Dec 2022 | B16: 20 | C16: 28 | D16: 20 | E16: 32 | G16: 16 | H16: 16 | I16: 16 | J16: 16 | K16: 19 | M16: 16 | N16: 24 | P16: 16 | Q16: 16 | R16: 24 | S16: 20 | V16: 28 | W16: 24 | Z16: 20 | AA16: 28 | AB16: 20 | AC16: 24 | AE16: 20 | AF16: 16 | AG16: 32 | AH16: =SUM(B16:AG16) -> 511
A17: Jan 2023 | B17: 16 | C17: 24 | D17: 16 | E17: 28 | G17: 12 | H17: 12 | I17: 12 | J17: 12 | K17: 12 | M17: 12 | N17: 16 | P17: 12 | Q17: 12 | R17: 16 | S17: 16 | V17: 16 | W17: 20 | Z17: 12 | AA17: 20 | AB17: 12 | AC17: 20 | AE17: 12 | AF17: 12 | AG17: 24 | AH17: =SUM(B17:AG17) -> 376
A18: Feb 2023 | B18: 16 | C18: 20 | D18: 16 | E18: 20 | G18: 12 | H18: 12 | I18: 8 | J18: 8 | K18: 12 | M18: 12 | N18: 16 | P18: 12 | Q18: 12 | R18: 16 | S18: 12 | V18: 16 | W18: 20 | Z18: 12 | AA18: 20 | AB18: 12 | AC18: 20 | AE18: 12 | AF18: 12 | AG18: 24 | AH18: =SUM(B18:AG18) -> 352
... A38: Oct 2024 | B38: 20 | C38: 24 | D38: 20 | E38: 24 | G38: 12 | H38: 15 | I38: 16 | J38: 12 | K38: 12 | M38: 12 | N38: 20 | P38: 12 | Q38: 16 | R38: 20 | S38: 20 | V38: 24 | W38: 20 | Z38: 12 | AA38: 23 | AB38: 12 | AC38: 24 | AE38: 16 | AF38: 16 | AG38: 27 | AH38: =SUM(B38:AG38) -> 429
A39: Nov 2024 | B39: 20 | C39: 20 | D39: 16 | E39: 20 | G39: 12 | H39: 12 | I39: 16 | J39: 12 | K39: 16 | M39: 12 | N39: 20 | Q39: 12 | R39: 20 | S39: 16 | V39: 20 | W39: 20 | Z39: 12 | AA39: 20 | AB39: 12 | AC39: 20 | AE39: 16 | AF39: 16 | AG39: 24 | AH39: =SUM(B39:AG39) -> 384
A40: Dec 2024 | B40: 20 | C40: 20 | D40: 24 | E40: 24 | F40: 16 | G40: 12 | H40: 12 | I40: 16 | J40: 12 | K40: 12 | L40: 16 | M40: 8 | N40: 16 | O40: 20 | P40: 12 | Q40: 20 | R40: 24 | S40: 16 | T40: 20 | U40: 20 | V40: 24 | W40: 16 | Y40: 16 | Z40: 8 | AA40: 16 | AB40: 12 | AC40: 28 | AE40: 16 | AF40: 16 | AG40: 24 | AH40: =SUM(B40:AG40) -> 516
A41: Jan 2025 | B41: 20 | C41: 16 | D41: 16 | E41: 16 | F41: 8 | G41: 8 | H41: 12 | I41: 12 | J41: 8 | K41: 12 | L41: 8 | M41: 8 | N41: 12 | O41: 12 | P41: 12 | Q41: 12 | R41: 20 | S41: 12 | T41: 12 | U41: 12 | V41: 20 | W41: 16 | Y41: 8 | Z41: 8 | AA41: 16 | AB41: 8 | AC41: 20 | AE41: 12 | AF41: 12 | AG41: 20 | AH41: =SUM(B41:AG41) -> 388
A42: Feb 2025 | B42: 16 | C42: 20 | D42: 31 | E42: 24 | F42: 12 | G42: 12 | H42: 12 | I42: 12 | J42: 12 | K42: 12 | L42: 12 | M42: 12 | N42: 20 | O42: 20 | P42: 12 | Q42: 12 | R42: 16 | S42: 16 | T42: 12 | U42: 12 | V42: 20 | W42: 16 | Y42: 12 | Z42: 12 | AA42: 16 | AB42: 12 | AC42: 20 | AE42: 12 | AF42: 12 | AG42: 20 | AH42: =SUM(B42:AG42) -> 459
A43: Mar 2025 | B43: 20 | C43: 16 | D43: 20 | E43: 16 | F43: 12 | G43: 12 | H43: 12 | I43: 12 | J43: 8 | K43: 21 | L43: 8 | M43: 12 | N43: 16 | O43: 12 | P43: 12 | Q43: 16 | R43: 16 | S43: 16 | T43: 12 | U43: 12 | V43: 20 | W43: 16 | Y43: 12 | Z43: 12 | AA43: 16 | AB43: 12 | AC43: 20 | AE43: 12 | AF43: 12 | AG43: 20 | AH43: =SUM(B43:AG43) -> 433
A44: Apr 2025 | B44: 20 | C44: 24 | D44: 24 | E44: 24 | F44: 16 | G44: 16 | H44: 12 | I44: 16 | J44: 12 | K44: 16 | L44: 16 | M44: 16 | N44: 16 | O44: 20 | P44: 16 | Q44: 20 | R44: 28 | S44: 20 | T44: 16 | U44: 20 | V44: 24 | W44: 20 | Y44: 16 | Z44: 16 | AA44: 24 | AB44: 16 | AC44: 20 | AE44: 20 | AF44: 16 | AG44: 24 | AH44: =SUM(B44:AG44) -> 564
A45: May 2025 | B45: 24 | C45: 20 | D45: 28 | E45: 24 | F45: 16 | G45: 12 | H45: 16 | I45: 20 | J45: 12 | K45: 16 | L45: 16 | M45: 16 | N45: 20 | O45: 20 | P45: 16 | Q45: 20 | R45: 28 | S45: 20 | T45: 16 | U45: 16 | V45: 28 | W45: 20 | Y45: 12 | Z45: 12 | AA45: 20 | AB45: 16 | AC45: 28 | AE45: 20 | AF45: 20 | AG45: 24 | AH45: =SUM(B45:AG45) -> 576
A46: Jun 2025 | B46: 20 | C46: 20 | D46: 20 | E46: 20 | F46: 16 | G46: 12 | H46: 12 | I46: 20 | J46: 12 | K46: 12 | L46: 16 | M46: 12 | N46: 16 | O46: 16 | P46: 12 | Q46: 16 | R46: 20 | S46: 16 | T46: 16 | U46: 16 | V46: 24 | W46: 16 | Y46: 12 | Z46: 12 | AA46: 16 | AB46: 12 | AC46: 24 | AE46: 16 | AF46: 16 | AG46: 20 | AH46: =SUM(B46:AG46) -> 488
A47: Jul 2025 | B47: 30 | C47: 20 | D47: 20 | E47: 16 | F47: 12 | G47: 12 | H47: 12 | I47: 20 | J47: 12 | K47: 12 | L47: 12 | M47: 12 | N47: 16 | O47: 16 | P47: 16 | Q47: 16 | R47: 20 | S47: 16 | T47: 13 | U47: 17 | V47: 20 | W47: 16 | Y47: 12 | Z47: 12 | AA47: 16 | AB47: 12 | AC47: 24 | AE47: 16 | AF47: 16 | AG47: 20 | AH47: =SUM(B47:AG47) -> 484
A48: Aug 2025 | B48: 20 | C48: 20 | D48: 20 | E48: 24 | F48: 16 | G48: 16 | H48: 12 | I48: 16 | J48: 12 | K48: 16 | L48: 16 | M48: 16 | N48: 20 | O48: 16 | P48: 16 | Q48: 16 | R48: 20 | S48: 20 | T48: 16 | U48: 16 | V48: 24 | W48: 20 | Y48: 12 | Z48: 12 | AA48: 20 | AB48: 16 | AC48: 24 | AE48: 20 | AF48: 16 | AG48: 24 | AH48: =SUM(B48:AG48) -> 532
A49: Sep 2025 | B49: 20 | C49: 20 | D49: 24 | E49: 20 | F49: 12 | G49: 12 | H49: 12 | J49: 12 | K49: 12 | L49: 12 | M49: 12 | N49: 16 | O49: 16 | P49: 12 | Q49: 20 | R49: 20 | S49: 16 | T49: 12 | U49: 16 | V49: 24 | W49: 20 | Y49: 12 | Z49: 12 | AA49: 20 | AB49: 12 | AC49: 24 | AE49: 16 | AF49: 16 | AG49: 24 | AH49: =SUM(B49:AG49) -> 476
A50: Oct 2025 | B50: 24 | C50: 24 | D50: 20 | E50: 20 | F50: 12 | G50: 16 | H50: 16 | I50: 16 | J50: 12 | K50: 12 | L50: 12 | M50: 16 | N50: 20 | O50: 16 | P50: 12 | Q50: 15 | R50: 20 | S50: 20 | T50: 16 | U50: 12 | V50: 24 | W50: 20 | Y50: 12 | Z50: 16 | AA50: 20 | AB50: 16 | AC50: 24 | AE50: 16 | AF50: 16 | AG50: 24 | AH50: =SUM(B50:AG50) -> 519
A51: Nov 2025 | B51: 20 | C51: 26 | D51: 20 | E51: 20 | F51: 12 | G51: 12 | H51: 12 | I51: 16 | J51: 12 | K51: 12 | L51: 12 | M51: 12 | N51: 20 | O51: 16 | P51: 12 | Q51: 16 | R51: 16 | S51: 12 | T51: 16 | U51: 16 | V51: 20 | W51: 34 | Y51: 12 | Z51: 12 | AA51: 16 | AB51: 12 | AC51: 24 | AE51: 16 | AF51: 12 | AG51: 20 | AH51: =SUM(B51:AG51) -> 488
A52: Dec 2025 | B52: 30 | C52: 16 | D52: 16 | E52: 16 | F52: 8 | G52: 12 | H52: 12 | I52: 12 | J52: 12 | K52: 12 | L52: 12 | M52: 12 | N52: 16 | O52: 16 | P52: 12 | Q52: 12 | R52: 16 | S52: 12 | T52: 12 | U52: 12 | V52: 20 | W52: 16 | Y52: 12 | Z52: 12 | AA52: 16 | AB52: 12 | AC52: 24 | AE52: 12 | AF52: 12 | AG52: 24 | AH52: =SUM(B52:AG52) -> 438
A53: Jan 2026 | B53: 16 | C53: 20 | D53: 16 | E53: 16 | F53: 12 | G53: 12 | H53: 12 | I53: 12 | J53: 8 | K53: 12 | L53: 8 | M53: 12 | N53: 16 | O53: 12 | P53: 12 | Q53: 12 | R53: 16 | S53: 16 | T53: 12 | U53: 12 | V53: 20 | W53: 16 | Y53: 8 | Z53: 12 | AA53: 16 | AB53: 12 | AC53: 20 | AE53: 16 | AF53: 12 | AG53: 16 | AH53: =SUM(B53:AG53) -> 412
A54: Feb 2026 | B54: 16 | C54: 16 | D54: 16 | E54: 20 | F54: 8 | G54: 8 | H54: 12 | I54: 12 | J54: 8 | K54: 12 | L54: 8 | M54: 12 | N54: 16 | O54: 12 | P54: 8 | Q54: 12 | R54: 16 | S54: 12 | T54: 12 | U54: 12 | V54: 20 | W54: 16 | Y54: 8 | Z54: 12 | AA54: 12 | AB54: 12 | AC54: 20 | AE54: 12 | AF54: 12 | AG54: 20 | AH54: =SUM(B54:AG54) -> 392
A55: Mar 2026 | B55: 16 | C55: 16 | D55: 20 | E55: 16 | F55: 12 | G55: 12 | H55: 12 | I55: 16 | J55: 8 | K55: 12 | L55: 12 | M55: 12 | N55: 16 | O55: 16 | P55: 1 | Q55: 16 | R55: 20 | S55: 12 | T55: 12 | U55: 16 | V55: 20 | W55: 16 | Y55: 12 | Z55: 12 | AA55: 16 | AB55: 12 | AC55: 24 | AE55: 12 | AF55: 12 | AG55: 20 | AH55: =SUM(B55:AG55) -> 429
A56: Apr 2026 | B56: 20 | C56: 20 | D56: 20 | E56: 24 | F56: 12 | G56: 12 | H56: 20 | I56: 16 | J56: 12 | K56: 16 | L56: 12 | M56: 16 | N56: 16 | O56: 16 | P56: 12 | Q56: 16 | R56: 20 | S56: 20 | T56: 16 | U56: 16 | V56: 24 | W56: 20 | Y56: 12 | Z56: 12 | AA56: 24 | AB56: 12 | AC56: 28 | AE56: 16 | AF56: 16 | AG56: 24 | AH56: =SUM(B56:AG56) -> 520
A57: May 2026 | B57: 20 | C57: 16 | D57: 20 | E57: 24 | F57: 12 | G57: 12 | H57: 12 | I57: 16 | J57: 8 | K57: 12 | L57: 12 | M57: 12 | N57: 12 | O57: 16 | P57: 12 | Q57: 16 | R57: 24 | S57: 16 | T57: 12 | U57: 16 | V57: 24 | W57: 12 | Y57: 12 | Z57: 12 | AA57: 16 | AC57: 28 | AE57: 16 | AF57: 12 | AG57: 24 | AH57: =SUM(B57:AG57) -> 456
A58: Total | B58: =SUM(B5:B57) -> 1108 | C58: =SUM(C5:C57) -> 1170 | D58: =SUM(D5:D57) -> 1063 | E58: =SUM(E5:E57) -> 1264 | F58: =SUM(F5:F57) -> 224 | G58: =SUM(G5:G57) -> 664 | H58: =SUM(H5:H57) -> 784 | I58: =SUM(I5:I57) -> 700 | ... AG58: =SUM(AG5:AG57) -> 1387 | AH58: =SUM(B58:AG58) -> 23867
A59: Avg pages / issue | B59: =IFERROR(AVERAGE(B5:B57),"") -> 20.90566 | C59: =IFERROR(AVERAGE(C5:C57),"") -> 22.075472 | D59: =IFERROR(AVERAGE(D5:D57),"") -> 20.056604 | E59: =IFERROR(AVERAGE(E5:E57),"") -> 23.849057 | F59: =IFERROR(AVERAGE(F5:F57),"") -> 12.444444 | G59: =IFERROR(AVERAGE(G5:G57),"") -> 13.019608 | H59: =IFERROR(AVERAGE(H5:H57),"") -> 14.792453 | I59: =IFERROR(AVERAGE(I5:I57),"") -> 14 | ... AG59: =IFERROR(AVERAGE(AG5:AG57),"") -> 26.169811
A60: # issues | B60: =COUNT(B5:B57) -> 53 | C60: =COUNT(C5:C57) -> 53 | D60: =COUNT(D5:D57) -> 53 | E60: =COUNT(E5:E57) -> 53 | F60: =COUNT(F5:F57) -> 18 | G60: =COUNT(G5:G57) -> 51 | H60: =COUNT(H5:H57) -> 53 | I60: =COUNT(I5:I57) -> 50 | ... AG60: =COUNT(AG5:AG57) -> 53

Sheet Tidy
A1: Slug | B1: Publication | C1: Year | D1: Month | E1: Month Name | F1: YYYY-MM | G1: Pages | H1: PDF URL
A2: berkeley-heights-news | B2: Berkeley Heights Community News | C2: 2022 | D2: 1 | E2: Jan | F2: 2022-01 | G2: 16 | H2: https://rennamedia.com/wp-content/uploads/2021/12/BerkeleyHeightsJanuary2022.pdf
A3: berkeley-heights-news | B3: Berkeley Heights Community News | C3: 2022 | D3: 2 | E3: Feb | F3: 2022-02 | G3: 16 | H3: https://rennamedia.com/wp-content/uploads/2022/01/BerkeleyHeightsFebruary2022.pdf
A4: berkeley-heights-news | B4: Berkeley Heights Community News | C4: 2022 | D4: 3 | E4: Mar | F4: 2022-03 | G4: 24 | H4: https://rennamedia.com/wp-content/uploads/2022/02/BerkeleyHeightsMarch2022.pdf
A5: berkeley-heights-news | B5: Berkeley Heights Community News | C5: 2022 | D5: 4 | E5: Apr | F5: 2022-04 | G5: 24 | H5: https://rennamedia.com/wp-content/uploads/2022/03/BerkeleyHeightsApril2022.pdf
A6: berkeley-heights-news | B6: Berkeley Heights Community News | C6: 2022 | D6: 5 | E6: May | F6: 2022-05 | G6: 24 | H6: https://rennamedia.com/wp-content/uploads/2022/04/BerkeleyHeightsMay2022.pdf
A7: berkeley-heights-news | B7: Berkeley Heights Community News | C7: 2022 | D7: 6 | E7: Jun | F7: 2022-06 | G7: 28 | H7: https://rennamedia.com/wp-content/uploads/2022/05/BerkeleyHeightsJune2022.pdf
A8: berkeley-heights-news | B8: Berkeley Heights Community News | C8: 2022 | D8: 7 | E8: Jul | F8: 2022-07 | G8: 20 | H8: https://rennamedia.com/wp-content/uploads/2022/06/BerkeleyHeightsJuly2022.pdf
A9: berkeley-heights-news | B9: Berkeley Heights Community News | C9: 2022 | D9: 8 | E9: Aug | F9: 2022-08 | G9: 20 | H9: https://rennamedia.com/wp-content/uploads/2022/07/BerkeleyHeightsAugust2022.pdf
A10: berkeley-heights-news | B10: Berkeley Heights Community News | C10: 2022 | D10: 9 | E10: Sep | F10: 2022-09 | G10: 24 | H10: https://rennamedia.com/wp-content/uploads/2022/09/BerkeleyHeightsSeptember2022.pdf
A11: berkeley-heights-news | B11: Berkeley Heights Community News | C11: 2022 | D11: 10 | E11: Oct | F11: 2022-10 | G11: 20 | H11: https://rennamedia.com/wp-content/uploads/2022/10/BerkeleyHeightsOctober2022.pdf
A12: berkeley-heights-news | B12: Berkeley Heights Community News | C12: 2022 | D12: 11 | E12: Nov | F12: 2022-11 | G12: 16 | H12: https://rennamedia.com/wp-content/uploads/2022/11/BerkeleyHeightsNovember2022.pdf
A13: berkeley-heights-news | B13: Berkeley Heights Community News | C13: 2022 | D13: 12 | E13: Dec | F13: 2022-12 | G13: 20 | H13: https://rennamedia.com/wp-content/uploads/2022/11/BerkeleyHeightsDecember2022.pdf
... A1372: westfield-monthly | B1372: Westfield Monthly | C1372: 2026 | D1372: 5 | E1372: May | F1372: 2026-05 | G1372: 24 | H1372: https://rennamedia.com/wp-content/uploads/2026/04/WestfieldMay2026.pdf

Sheet Summary by Paper
A1: Publication | B1: First Issue | C1: Latest Issue | D1: # Issues | E1: Total Pages | F1: Avg Pages | G1: Min Pages | H1: Max Pages
A2: Berkeley Heights Community News | B2: Jan 2022 | C2: May 2026 | D2: =COUNTIF(Tidy!B:B,"Berkeley Heights Community News") -> 53 | E2: =SUMIF(Tidy!B:B,"Berkeley Heights Community News",Tidy!G:G) -> 1108 | F2: =IFERROR(AVERAGEIF(Tidy!B:B,"Berkeley Heights Community News",Tidy!G:G),"") -> 20.90566 | G2: 16 | H2: 30
A3: Clark Monthly | B3: Jan 2022 | C3: May 2026 | D3: =COUNTIF(Tidy!B:B,"Clark Monthly") -> 53 | E3: =SUMIF(Tidy!B:B,"Clark Monthly",Tidy!G:G) -> 1170 | F3: =IFERROR(AVERAGEIF(Tidy!B:B,"Clark Monthly",Tidy!G:G),"") -> 22.075472 | G3: 16 | H3: 28
A4: The Chathams | B4: Jan 2022 | C4: May 2026 | D4: =COUNTIF(Tidy!B:B,"The Chathams") -> 53 | E4: =SUMIF(Tidy!B:B,"The Chathams",Tidy!G:G) -> 1063 | F4: =IFERROR(AVERAGEIF(Tidy!B:B,"The Chathams",Tidy!G:G),"") -> 20.056604 | G4: 12 | H4: 31
A5: Cranford Monthly | B5: Jan 2022 | C5: May 2026 | D5: =COUNTIF(Tidy!B:B,"Cranford Monthly") -> 53 | E5: =SUMIF(Tidy!B:B,"Cranford Monthly",Tidy!G:G) -> 1264 | F5: =IFERROR(AVERAGEIF(Tidy!B:B,"Cranford Monthly",Tidy!G:G),"") -> 23.849057 | G5: 16 | H5: 32
A6: East Hanover View | B6: Dec 2024 | C6: May 2026 | D6: =COUNTIF(Tidy!B:B,"East Hanover View") -> 18 | E6: =SUMIF(Tidy!B:B,"East Hanover View",Tidy!G:G) -> 224 | F6: =IFERROR(AVERAGEIF(Tidy!B:B,"East Hanover View",Tidy!G:G),"") -> 12.444444 | G6: 8 | H6: 16
A7: Elmora Hills | B7: Mar 2022 | C7: May 2026 | D7: =COUNTIF(Tidy!B:B,"Elmora Hills") -> 51 | E7: =SUMIF(Tidy!B:B,"Elmora Hills",Tidy!G:G) -> 664 | F7: =IFERROR(AVERAGEIF(Tidy!B:B,"Elmora Hills",Tidy!G:G),"") -> 13.019608 | G7: 8 | H7: 16
A8: Fanwood Post | B8: Jan 2022 | C8: May 2026 | D8: =COUNTIF(Tidy!B:B,"Fanwood Post") -> 53 | E8: =SUMIF(Tidy!B:B,"Fanwood Post",Tidy!G:G) -> 784 | F8: =IFERROR(AVERAGEIF(Tidy!B:B,"Fanwood Post",Tidy!G:G),"") -> 14.792453 | G8: 12 | H8: 21
A9: Florham Park Press | B9: Mar 2022 | C9: May 2026 | D9: =COUNTIF(Tidy!B:B,"Florham Park Press") -> 50 | E9: =SUMIF(Tidy!B:B,"Florham Park Press",Tidy!G:G) -> 700 | F9: =IFERROR(AVERAGEIF(Tidy!B:B,"Florham Park Press",Tidy!G:G),"") -> 14 | G9: 8 | H9: 20
A10: Garwood Times | B10: Jan 2022 | C10: May 2026 | D10: =COUNTIF(Tidy!B:B,"Garwood Times") -> 53 | E10: =SUMIF(Tidy!B:B,"Garwood Times",Tidy!G:G) -> 636 | F10: =IFERROR(AVERAGEIF(Tidy!B:B,"Garwood Times",Tidy!G:G),"") -> 12 | G10: 8 | H10: 20
A11: Green Brook Gazette | B11: Jan 2022 | C11: May 2026 | D11: =COUNTIF(Tidy!B:B,"Green Brook Gazette") -> 53 | E11: =SUMIF(Tidy!B:B,"Green Brook Gazette",Tidy!G:G) -> 712 | F11: =IFERROR(AVERAGEIF(Tidy!B:B,"Green Brook Gazette",Tidy!G:G),"") -> 13.433962 | G11: 8 | H11: 21
A12: Hanover Township Press | B12: Dec 2024 | C12: May 2026 | D12: =COUNTIF(Tidy!B:B,"Hanover Township Press") -> 18 | E12: =SUMIF(Tidy!B:B,"Hanover Township Press",Tidy!G:G) -> 220 | F12: =IFERROR(AVERAGEIF(Tidy!B:B,"Hanover Township Press",Tidy!G:G),"") -> 12.222222 | G12: 8 | H12: 16
A13: Kenilworth Business Life | B13: Jan 2022 | C13: May 2026 | D13: =COUNTIF(Tidy!B:B,"Kenilworth Business Life") -> 53 | E13: =SUMIF(Tidy!B:B,"Kenilworth Business Life",Tidy!G:G) -> 756 | F13: =IFERROR(AVERAGEIF(Tidy!B:B,"Kenilworth Business Life",Tidy!G:G),"") -> 14.264151 | G13: 8 | H13: 20
A14: Life in Linden | B14: Jan 2022 | C14: May 2026 | D14: =COUNTIF(Tidy!B:B,"Life in Linden") -> 53 | E14: =SUMIF(Tidy!B:B,"Life in Linden",Tidy!G:G) -> 1040 | F14: =IFERROR(AVERAGEIF(Tidy!B:B,"Life in Linden",Tidy!G:G),"") -> 19.622642 | G14: 12 | H14: 28
A15: Livingston Monthly | B15: Dec 2024 | C15: May 2026 | D15: =COUNTIF(Tidy!B:B,"Livingston Monthly") -> 18 | E15: =SUMIF(Tidy!B:B,"Livingston Monthly",Tidy!G:G) -> 288 | F15: =IFERROR(AVERAGEIF(Tidy!B:B,"Livingston Monthly",Tidy!G:G),"") -> 16 | G15: 12 | H15: 20
A16: Long Hill Leader | B16: Jan 2022 | C16: May 2026 | D16: =COUNTIF(Tidy!B:B,"Long Hill Leader") -> 52 | E16: =SUMIF(Tidy!B:B,"Long Hill Leader",Tidy!G:G) -> 693 | F16: =IFERROR(AVERAGEIF(Tidy!B:B,"Long Hill Leader",Tidy!G:G),"") -> 13.326923 | G16: 1 | H16: 20
A17: Madison Monthly | B17: Jan 2022 | C17: May 2026 | D17: =COUNTIF(Tidy!B:B,"Madison Monthly") -> 53 | E17: =SUMIF(Tidy!B:B,"Madison Monthly",Tidy!G:G) -> 787 | F17: =IFERROR(AVERAGEIF(Tidy!B:B,"Madison Monthly",Tidy!G:G),"") -> 14.849057 | G17: 8 | H17: 20
A18: Millburn Short Hills Monthly | B18: Mar 2022 | C18: May 2026 | D18: =COUNTIF(Tidy!B:B,"Millburn Short Hills Monthly") -> 51 | E18: =SUMIF(Tidy!B:B,"Millburn Short Hills Monthly",Tidy!G:G) -> 1020 | F18: =IFERROR(AVERAGEIF(Tidy!B:B,"Millburn Short Hills Monthly",Tidy!G:G),"") -> 20 | G18: 12 | H18: 28
A19: Mountainside View | B19: Jan 2022 | C19: May 2026 | D19: =COUNTIF(Tidy!B:B,"Mountainside View") -> 53 | E19: =SUMIF(Tidy!B:B,"Mountainside View",Tidy!G:G) -> 884 | F19: =IFERROR(AVERAGEIF(Tidy!B:B,"Mountainside View",Tidy!G:G),"") -> 16.679245 | G19: 8 | H19: 24
A20: Morristown Monthly | B20: Dec 2024 | C20: May 2026 | D20: =COUNTIF(Tidy!B:B,"Morristown Monthly") -> 18 | E20: =SUMIF(Tidy!B:B,"Morristown Monthly",Tidy!G:G) -> 253 | F20: =IFERROR(AVERAGEIF(Tidy!B:B,"Morristown Monthly",Tidy!G:G),"") -> 14.055556 | G20: 12 | H20: 20
A21: Morris Township Times | B21: Dec 2024 | C21: May 2026 | D21: =COUNTIF(Tidy!B:B,"Morris Township Times") -> 18 | E21: =SUMIF(Tidy!B:B,"Morris Township Times",Tidy!G:G) -> 269 | F21: =IFERROR(AVERAGEIF(Tidy!B:B,"Morris Township Times",Tidy!G:G),"") -> 14.944444 | G21: 12 | H21: 20
A22: New Providence News | B22: Jan 2022 | C22: May 2026 | D22: =COUNTIF(Tidy!B:B,"New Providence News") -> 53 | E22: =SUMIF(Tidy!B:B,"New Providence News",Tidy!G:G) -> 1128 | F22: =IFERROR(AVERAGEIF(Tidy!B:B,"New Providence News",Tidy!G:G),"") -> 21.283019 | G22: 16 | H22: 28
A23: Our Town Rahway | B23: Jan 2022 | C23: May 2026 | D23: =COUNTIF(Tidy!B:B,"Our Town Rahway") -> 53 | E23: =SUMIF(Tidy!B:B,"Our Town Rahway",Tidy!G:G) -> 1094 | F23: =IFERROR(AVERAGEIF(Tidy!B:B,"Our Town Rahway",Tidy!G:G),"") -> 20.641509 | G23: 12 | H23: 34
A24: Peterstown NJ | B24: — | C24: — | D24: 0 | E24: 0
A25: Life in Roseland | B25: Dec 2024 | C25: May 2026 | D25: =COUNTIF(Tidy!B:B,"Life in Roseland") -> 18 | E25: =SUMIF(Tidy!B:B,"Life in Roseland",Tidy!G:G) -> 212 | F25: =IFERROR(AVERAGEIF(Tidy!B:B,"Life in Roseland",Tidy!G:G),"") -> 11.777778 | G25: 8 | H25: 16
A26: Roselle Park Monthly | B26: Jan 2022 | C26: May 2026 | D26: =COUNTIF(Tidy!B:B,"Roselle Park Monthly") -> 53 | E26: =SUMIF(Tidy!B:B,"Roselle Park Monthly",Tidy!G:G) -> 736 | F26: =IFERROR(AVERAGEIF(Tidy!B:B,"Roselle Park Monthly",Tidy!G:G),"") -> 13.886792 | G26: 8 | H26: 20
A27: Scotch Plains Monthly | B27: Jan 2022 | C27: May 2026 | D27: =COUNTIF(Tidy!B:B,"Scotch Plains Monthly") -> 53 | E27: =SUMIF(Tidy!B:B,"Scotch Plains Monthly",Tidy!G:G) -> 1159 | F27: =IFERROR(AVERAGEIF(Tidy!B:B,"Scotch Plains Monthly",Tidy!G:G),"") -> 21.867925 | G27: 12 | H27: 32
A28: Spirit of Union | B28: Jan 2022 | C28: Apr 2026 | D28: =COUNTIF(Tidy!B:B,"Spirit of Union") -> 52 | E28: =SUMIF(Tidy!B:B,"Spirit of Union",Tidy!G:G) -> 740 | F28: =IFERROR(AVERAGEIF(Tidy!B:B,"Spirit of Union",Tidy!G:G),"") -> 14.230769 | G28: 8 | H28: 20
A29: Summit Times | B29: Jan 2022 | C29: May 2026 | D29: =COUNTIF(Tidy!B:B,"Summit Times") -> 53 | E29: =SUMIF(Tidy!B:B,"Summit Times",Tidy!G:G) -> 1244 | F29: =IFERROR(AVERAGEIF(Tidy!B:B,"Summit Times",Tidy!G:G),"") -> 23.471698 | G29: 20 | H29: 28
A30: Pride of North Plainfield | B30: — | C30: — | D30: 0 | E30: 0
A31: Warren Monthly | B31: Jan 2022 | C31: May 2026 | D31: =COUNTIF(Tidy!B:B,"Warren Monthly") -> 53 | E31: =SUMIF(Tidy!B:B,"Warren Monthly",Tidy!G:G) -> 852 | F31: =IFERROR(AVERAGEIF(Tidy!B:B,"Warren Monthly",Tidy!G:G),"") -> 16.075472 | G31: 12 | H31: 20
A32: Watchung Post | B32: Jan 2022 | C32: May 2026 | D32: =COUNTIF(Tidy!B:B,"Watchung Post") -> 53 | E32: =SUMIF(Tidy!B:B,"Watchung Post",Tidy!G:G) -> 780 | F32: =IFERROR(AVERAGEIF(Tidy!B:B,"Watchung Post",Tidy!G:G),"") -> 14.716981 | G32: 12 | H32: 20
A33: Westfield Monthly | B33: Jan 2022 | C33: May 2026 | D33: =COUNTIF(Tidy!B:B,"Westfield Monthly") -> 53 | E33: =SUMIF(Tidy!B:B,"Westfield Monthly",Tidy!G:G) -> 1387 | F33: =IFERROR(AVERAGEIF(Tidy!B:B,"Westfield Monthly",Tidy!G:G),"") -> 26.169811 | G33: 16 | H33: 36
